"Sdlg","Fire","FirePatch","Elevation","Species","Slope.Deg","Aspect.deg","Ht.cm","BasDia.cm","LastYearGrth.cm","Light_File","DIFN.all","ImmedAboveSpp","ImmedAboveHt.cm","ShrubSpp01","ShrubSpp02","ShrubSpp03","Cov1","Cov2","Cov3","Ht1","Ht2","Ht3","Cov1.2","Cov1.3","Ht1.2","Ht1.3","ShrG1","IAG","ref","Years","Date","LAI","DIFN.53"
"1","CLVD","CLVD-N",1631,"PILA",18,2,121,2.92,13.3,"20",0.232,"none",0,"ARPA","ARPA","ARPA",300,630,440,103.125,112.222222222222,99.375,930,1370,107.673611111111,104.907407407407,"Arcto",0,0,24,"20160610 05:17:03",2.21,0.264
"2","CLVD","CLVD-N",1631,"PIPO",18,2,143,3.44,6.7,"4",0.031,"none",0,"ARPA","ARPA","ARPA",300,630,440,103.125,112.222222222222,99.375,930,1370,107.673611111111,104.907407407407,"Arcto",0,0,24,"20160527 08:38:47",6.2,0.031
"3","CLVD","CLVD-N",1631,"PSME",18,2,68,1.71,5.6,"17,19",0.2215,"ARPA",135,"ARPA","ARPA","ARPA",300,630,440,103.125,112.222222222222,99.375,930,1370,107.673611111111,104.907407407407,"Arcto",0,0,24,NA,NA,0.2535
"4","CLVD","CLVD-N",1631,"PIPO",18,2,88,1.85,3.09,"18",0.366,"ARPA",180,"ARPA","ARPA","ARPA",490,440,520,91.1111111111111,80.7142857142857,98.5714285714286,930,1450,85.9126984126984,90.1322751322751,"Arcto",0,0,24,"20160610 05:06:53",1.53,0.37
"5","CLVD","CLVD-N",1631,"PIPO",14,2,191,6.19,19,"21",0.406,"none",0,"CHSE","CHSE","ARPA",260,310,430,70,71.875,80,570,1000,70.9375,73.9583333333333,"CHSE",0,0,24,"20160610 05:22:51",1.28,0.423
"6","CLVD","CLVD-N",1631,"ABCO",22,85,9.45,0.3,1.92,"16",0.296,"ARPA",200,"ARPA","ARPA","ARPA",400,490,290,116.666666666667,125.833333333333,95.8333333333333,890,1180,121.25,112.777777777778,"Arcto",0,0,24,"20160531 20:32:01",1.67,0.331
"7","CLVD","CLVD-N",1632,"ABCO",NA,NA,22,0.37,2.3,"",NA,"QUKE",800,"QUKE","QUKE","QUKE",440,360,460,466.666666666667,280,166.25,800,1260,373.333333333333,304.305555555556,"Quercus",0,0,24,NA,NA,NA
"8","CLVD","CLVD-N",1632,"PIPO",NA,NA,110,7.2,16,"13",0.909,"none",0,"CEIN","CEIN","CEIN",370,450,280,75.5555555555556,110,104,820,1100,92.7777777777778,96.5185185185185,"Ceanothus",0,0,24,"20160531 19:48:46",0.15,0.909
"9","CLVD","CLVD-N",1632,"ABCO",NA,NA,146,3.52,18,"15,26",0.283,"ARPA",190,"ARPA","ARPA","ARPA",400,540,500,100,96.6666666666667,146.666666666667,940,1440,98.3333333333333,114.444444444444,"Arcto",0,0,24,NA,NA,0.298
"10","CLVD","CLVD-N",1632,"PIPO",NA,NA,163,5.86,23,"27",0.325,"none",0,"CEIN","CEIN","ARPA",330,400,420,90,83.75,115.714285714286,730,1150,86.875,96.4880952380952,"Ceanothus",0,0,24,"20160610 05:52:22",1.77,0.386
"11","CLVD","CLVD-N",1632,"PIPO",NA,NA,27,0.9,2.64,"24",0.245,"CEIN",50,"CEIN","CEIN","ARPA",400,530,370,70,93.75,120,930,1300,81.875,94.5833333333333,"Ceanothus",0,0,24,"20160610 05:38:41",1.99,0.287
"12","CLVD","CLVD-N",1632,"ABCO",NA,NA,123,4.24,16.3,"28",0.966,"none",0,"CEPR","CEPR","CEPR",350,160,300,9,5,19,510,810,7,11,"Ceanothus",0,0,24,"20160610 05:57:28",0.01,0.991
"13","CLVD","CLVD-N",1632,"ABCO",NA,NA,11.8,0.65,2.1,"",NA,"none",0,"CEPR","CEPR","CEPR",380,160,300,14.1666666666667,5,19,540,840,9.58333333333333,12.7222222222222,"Ceanothus",0,0,24,NA,NA,NA
"14","CLVD","CLVD-N",1632,"PSME",NA,NA,40,1.41,9.96,"",NA,"none",0,"CEPR","CEPR","CEPR",360,270,140,5,7,6.25,630,770,6,6.08333333333333,"Ceanothus",0,0,24,NA,NA,NA
"15","CLVD","CLVD-N",1632,"ABCO",NA,NA,46,1.28,7.9,"25",0.606,"none",0,"CEPR","CEPR","CEPR",570,420,340,27,56.4285714285714,72.5,990,1330,41.7142857142857,51.9761904761905,"Ceanothus",0,0,24,"20160610 05:42:30",0.54,0.719
"16","CLVD","CLVD-N",1632,"PILA",NA,NA,16.2,0.52,1.35,"23",0.204,"CECO, ARPA",130,"ARPA","ARPA","ARPA",480,490,490,98.1818181818182,109.090909090909,100,970,1460,103.636363636364,102.424242424242,"Arcto",0,0,24,"20160610 05:34:13",2.38,0.239
"19","CLVD","CLVD-SW",1405,"PIPO",4,152,60,0.68,5,"",NA,"CEIN",260,"CEIN","CEIN","CEIN",390,320,310,142,187.5,202.5,710,1020,164.75,177.333333333333,"Ceanothus",0,0,24,NA,NA,NA
"20","FRDS","FRDS-JB",1568,"PIPO",18,90,81,2.5,19.5,"",NA,"none",0,"PREM","CEIN","CECO",10,80,200,36.6666666666667,60,65,90,290,48.3333333333333,53.8888888888889,"Other",0,0,12,NA,NA,NA
"21","FRDS","FRDS-JB",1568,"PIPO",18,90,83,2.7,20.5,"",NA,"none",0,"PREM","CEIN","CECO",10,80,200,36.6666666666667,60,65,90,290,48.3333333333333,53.8888888888889,"Other",0,0,12,NA,NA,NA
"22","FRDS","FRDS-JB",1568,"PIPO",18,90,91,2.3,12.5,"",NA,"PREM",100,"PREM","PREM","PREM",200,190,170,66,78,106.666666666667,390,560,72,83.5555555555556,"Other",0,0,12,NA,NA,NA
"23","FRDS","FRDS-JB",1568,"PIPO",18,90,41,1.6,9.5,"",NA,"PREM",100,"PREM","PREM","CEIN",250,210,200,131.666666666667,98,126.666666666667,460,660,114.833333333333,118.777777777778,"Other",0,0,12,NA,NA,NA
"24","FRDS","FRDS-JB",1568,"CADE",18,90,230,7.8,NA,"",NA,"none",0,"PREM","PREM","PREM",20,210,200,47.5,97.5,63.3333333333333,230,430,72.5,69.4444444444444,"Other",0,0,12,NA,NA,NA
"25","FRDS","FRDS-JB",1568,"CADE",18,110,180,4.2,NA,"",NA,"CEIN",200,"CEIN","CEIN","CEIN",200,190,360,122,141.666666666667,122,390,750,131.833333333333,128.555555555556,"Ceanothus",0,0,12,NA,NA,NA
"26","FRDS","FRDS-A",NA,"PIPO",18,130,90,1.6,9,"254",0.332,"CEIN",210,"CEIN","CEIN","CEIN",310,410,330,210,176,187.5,720,1050,193,191.166666666667,"Ceanothus",0,0,12,"20160728 05:43:22",1.57,0.361
"27","FRDS","FRDS-A",NA,"PIPO",3,80,72,4.6,8.5,"255",0.208,"CEIN",200,"CEIN","CEIN","CEIN",400,300,330,225,193.333333333333,200,700,1030,209.166666666667,206.111111111111,"Ceanothus",0,0,12,"20160728 05:51:09",2.15,0.243
"28","AMCR","AMCR-A",1658,"ABCO",28,250,84,1.92,16,"",NA,"CECO",100,"CECO","CECO","CECO",380,340,320,87.5,85,86.6666666666667,720,1040,86.25,86.3888888888889,"Ceanothus",0,0,8,NA,NA,NA
"35","AMCR","AMCR-NW",1598,"PILA",28,250,32,1,2.3,"30",0.734,"none",0,"LIDE","LIDE","LIDE",180,60,110,22.5,32.5,35,240,350,27.5,30,"LIDE",0,0,8,"20160622 05:03:25",0.39,0.78
"36","AMCR","AMCR-NW",1598,"PIPO",28,250,32,1.35,5.57,"31",0,"none",0,"none","LIDE","LIDE",0,50,110,0,7.5,15,50,160,3.75,7.5,"Other",0,0,8,"20160622 05:08:28",0,0
"37","AMCR","AMCR-NW",1598,"PSME",28,250,23,0.88,2.87,"32",0.533,"none",0,"none","none","none",0,0,0,0,0,0,0,0,0,0,"Other",0,0,8,"20160622 05:10:30",0.86,0.627
"38","AMCR","AMCR-NW",1598,"PIPO",28,250,24,1.21,3.6,"33",0.86,"none",0,"none","none","LIDE",0,0,150,0,0,32.5,0,150,0,10.8333333333333,"Other",0,0,8,"20160622 05:12:37",0.1,0.936
"39","AMCR","AMCR-NW",1598,"PIPO",28,250,50,1.7,4.29,"34",0.714,"none",0,"none","LIDE","LIDE",0,70,180,0,22.5,50,70,250,11.25,24.1666666666667,"Other",0,0,8,"20160622 05:14:35",0.42,0.765
"40","AMCR","AMCR-NW",1598,"PIPO",28,250,22,0.68,2.81,"35",0.708,"none",0,"LIDE","LIDE","LIDE",100,230,200,37.5,47.5,57.5,330,530,42.5,47.5,"LIDE",0,0,8,"20160622 05:16:30",0.43,0.756
"41","AMCR","AMCR-NW",1598,"PIPO",22,270,91,3.5,11.12,"36",0.369,"none",0,"LIDE","LIDE","LIDE",40,200,340,15,42.5,58,240,580,28.75,38.5,"LIDE",0,0,8,"20160622 05:18:30",1.4,0.446
"42","AMCR","AMCR-NW",1598,"PIPO",22,270,42,1.09,10.5,"37",0.093,"UNKNOAK",40,"LIDE","LIDE","LIDE",250,260,330,48,70,66,510,840,59,61.3333333333333,"LIDE",0,0,8,"20160622 05:20:30",3.4,0.106
"43","AMCR","AMCR-NW",1598,"PIPO",6,287,12,0.53,3.59,"38",0.559,"none",0,"LIDE","LIDE","LIDE",20,100,140,12.5,20,50,120,260,16.25,27.5,"LIDE",0,0,8,"20160622 05:23:41",0.8,0.624
"44","AMCR","AMCR-NW",1598,"PIPO",22,22,18,0.59,2.19,"39",0.871,"none",0,"LIDE","LIDE","LIDE",30,110,260,15,27.5,55,140,400,21.25,32.5,"LIDE",0,0,8,"20160622 05:26:26",0.15,0.903
"45","AMCR","AMCR-NW",1598,"PILA",22,22,45,0.81,7.45,"40",0.142,"LIDE",50,"LIDE","LIDE","LIDE",210,160,160,36,35,42.5,370,530,35.5,37.8333333333333,"LIDE",0,0,8,"20160622 05:28:29",0,0
"46","AMCR","AMCR-NW",1598,"ABCO",22,22,48,1.7,3.6,"41",0.801,"none",0,"ARNE","LIDE","ARPA",80,120,290,7.5,25,56,200,490,16.25,29.5,"Arcto",0,0,8,"20160622 05:31:33",0.23,0.865
"47","AMCR","AMCR-NW",1598,"PSME",19,22,59,1.48,7.92,"42",0.938,"none",0,"none","LIDE","LIDE",0,120,170,0,30,32.5,120,290,15,20.8333333333333,"Other",0,0,8,"20160622 05:33:11",0.08,0.949
"48","AMCR","AMCR-NW",1598,"ABCO",19,22,68,1.95,12.75,"43",0.841,"none",0,"LIDE","conifer","LIDE",40,120,200,20,31,31.6666666666667,160,360,25.5,27.5555555555556,"LIDE",0,0,8,"20160622 05:35:00",0.22,0.867
"49","AMCR","AMCR-NW",1598,"PSME",19,22,15,0.35,2.75,"44",0.471,"ARPA",100,"ARPA","ARPA","ARPA",200,40,30,60,12.5,12.5,240,270,36.25,28.3333333333333,"Arcto",0,0,8,"20160622 05:36:49",1,0.513
"50","AMCR","AMCR-NE",1966,"PILA",17,188,56,0.91,6.77,"194",0.401,"CHSE",60,"CHSE","CHSE","CHSE",310,280,380,46,42.5,57.5,590,970,44.25,48.6666666666667,"CHSE",0,0,8,"20160720 05:22:22",1.27,0.438
"51","AMCR","AMCR-NE",1966,"ABCO",17,188,51,1.18,7.7,"195",0.042,"none",0,"CHSE","CHSE","CHSE",270,330,390,35,40,45,600,990,37.5,40,"CHSE",0,0,8,"20160720 05:29:22",0.78,0.607
"52","AMCR","AMCR-NE",1966,"ABCO",17,188,38,0.8,4.55,"196",0.28,"ARPA",40,"CHSE","CHSE","CHSE",360,260,310,45,53.3333333333333,51.6666666666667,620,930,49.1666666666667,50,"CHSE",0,0,8,"20160720 05:31:57",1.8,0.32
"53","AMCR","AMCR-NE",1966,"ABCO",17,188,27,0.69,10.13,"197",0.154,"CHSE",36,"CHSE","CHSE","CHSE",380,320,320,55,47.5,46.6666666666667,700,1020,51.25,49.7222222222222,"CHSE",0,0,8,"20160720 05:35:20",2.69,0.173
"54","AMCR","AMCR-NE",1966,"ABCO",17,188,34,1.05,2.1,"198",0.32,"CHSE",54,"CHSE","CHSE","CHSE",300,330,280,48.3333333333333,50,50,630,910,49.1666666666667,49.4444444444444,"CHSE",0,0,8,"20160720 05:38:01",1.59,0.349
"55","AMCR","AMCR-NE",1966,"ABCO",17,188,58,1.2,6.39,"199",0.337,"none",0,"CHSE","CHSE","CHSE",270,330,280,46,50,50,600,880,48,48.6666666666667,"CHSE",0,0,8,"20160720 05:40:08",1.57,0.35
"56","AMCR","AMCR-NE",1966,"ABCO",17,188,70,1.19,13.49,"200",0.248,"CHSE",80,"CHSE","CHSE","CHSE",270,270,300,52.5,40,48,540,840,46.25,46.8333333333333,"CHSE",0,0,8,"20160720 05:42:15",1.99,0.269
"57","AMCR","AMCR-NE",1966,"ABCO",17,188,28,0.64,2.46,"201",0.234,"none",0,"CHSE","CHSE","CHSE",310,350,300,35,46,46,660,960,40.5,42.3333333333333,"CHSE",0,0,8,"20160720 05:44:30",2.07,0.26
"58","AMCR","AMCR-NE",1966,"ABCO",17,188,30,0.51,3.03,"202",0.149,"CHSE",47,"CHSE","CHSE","CHSE",380,240,320,42.5,50,52,620,940,46.25,48.1666666666667,"CHSE",0,0,8,"20160720 05:46:46",2.78,0.167
"60","AMCR","AMCR-NW",1601,"CADE",14,127,14.36,0.75,NA,"49",0.648,"none",0,"ARPA","ARNE","ARNE",170,150,150,14,17.5,15,320,470,15.75,15.5,"Arcto",0,0,8,"20160622 06:04:03",0.5,0.733
"61","AMCR","AMCR-NW",1601,"ABCO",14,127,29,0.77,4.49,"51",0.413,"ARPA",40,"ARPA","ARPA","ARPA",260,50,50,44,12.5,25,310,360,28.25,27.1666666666667,"Arcto",0,0,8,"20160622 06:07:09",1.17,0.461
"62","AMCR","AMCR-NW",1601,"PIPO",14,135,52,1.24,9.67,"52",0.338,"ARPA",64,"ARPA","ARPA","ARPA",220,190,200,38,42.5,36,410,610,40.25,38.8333333333333,"Arcto",0,0,8,"20160622 06:10:32",1.45,0.383
"63","AMCR","AMCR-NW",1601,"PIPO",14,140,15,0.45,2.72,"53",0.726,"none",0,"ARNE","ARNE","ARPA",290,110,190,22.8571428571429,40,35,400,590,31.4285714285714,32.6190476190476,"Arcto",0,0,8,"20160622 06:13:36",0.33,0.816
"64","AMCR","AMCR-NW",1601,"PIPO",14,140,78,2.69,14.95,"54",0.292,"ARPA",78,"ARPA","ARPA","ARPA",270,110,110,36,32.5,26,380,490,34.25,31.5,"Arcto",0,0,8,"20160622 06:17:07",1.69,0.335
"65","AMCR","AMCR-NW",1601,"PIPO",14,140,67,1.59,16.21,"55",0.298,"ARPA",70,"ARPA","ARPA","ARPA",190,90,100,65,37.5,15,280,380,51.25,39.1666666666667,"Arcto",0,0,8,"20160622 06:23:00",1.67,0.345
"66","AMCR","AMCR-NW",1601,"PILA",9,158,20,0.44,3.44,"56",0.311,"ARPA",100,"ARPA","ARPA","ARPA",510,140,10,47.5,36,2.5,650,660,41.75,28.6666666666667,"Arcto",0,0,8,"20160622 06:31:04",1.65,0.332
"67","AMCR","AMCR-NW",1601,"PILA",12,185,31,0.97,2.47,"58",0.736,"ARPA",40,"ARPA","ARPA","ARPA",240,110,0,45,32.5,0,350,350,38.75,25.8333333333333,"Arcto",0,0,8,"20160622 06:36:20",0.34,0.801
"68","AMCR","AMCR-NW",1601,"CADE",12,185,24,0.93,NA,"59",0.369,"ARPA",50,"ARPA","ARPA","ARPA",220,220,140,52,30,25,440,580,41,35.6666666666667,"Arcto",0,0,8,"20160622 06:55:50",1.4,0.408
"69","AMCR","AMCR-NW",1601,"PIPO",12,185,14,0.51,1.79,"60",0.385,"ARPA",35,"ARPA","ARPA","ARPA",130,100,70,35,20,25,230,300,27.5,26.6666666666667,"Arcto",0,0,8,"20160622 06:58:24",1.31,0.417
"70","AMCR","AMCR-NW",1601,"CADE",12,185,37,1.33,NA,"61",0.539,"ARPA",40,"ARPA","ARPA","ARPA",220,150,120,28.3333333333333,30,30,370,490,29.1666666666667,29.4444444444444,"Arcto",0,0,8,"20160622 07:00:58",0.8,0.591
"71","AMCR","AMCR-NW",1601,"PIPO",14,235,29,0.76,3.81,"62",0.182,"ARPA",75,"ARPA","ARPA","ARPA",430,270,370,70,51.4285714285714,41.6666666666667,700,1070,60.7142857142857,54.3650793650794,"Arcto",0,0,8,"20160622 07:04:30",2.43,0.215
"72","AMCR","AMCR-NW",1601,"PIPO",12,210,23,0.78,3.94,"63",0.427,"ARPA",63,"ARPA","ARPA","ARPA",210,340,260,28.3333333333333,50,67.5,550,810,39.1666666666667,48.6111111111111,"Arcto",0,0,8,"20160622 07:08:40",1.11,0.477
"73","AMCR","AMCR-2",1672,"ABCO",21,299,55,1.06,10.26,"64",0.088,"CECO",80,"CECO","CECO","CECO",420,390,360,82,66.6666666666667,78.3333333333333,810,1170,74.3333333333333,75.6666666666667,"Ceanothus",0,0,8,"20160623 05:15:39",3.79,0.089
"74","AMCR","AMCR-2",1672,"ABCO",21,299,57,1.1,8.74,"64",0.088,"CECO",100,"CECO","CECO","CECO",420,390,360,82,66.6666666666667,78.3333333333333,810,1170,74.3333333333333,75.6666666666667,"Ceanothus",0,0,8,"20160623 05:15:39",3.79,0.089
"75","AMCR","AMCR-2",1672,"ABCO",21,299,49,0.92,7.65,"64",0.088,"CECO",100,"CECO","CECO","CECO",420,390,360,82,66.6666666666667,78.3333333333333,810,1170,74.3333333333333,75.6666666666667,"Ceanothus",0,0,8,"20160623 05:15:39",3.79,0.089
"76","AMCR","AMCR-2",1672,"ABCO",11,303,52,1.26,9.59,"65",0.443,"CECO",60,"CECO","CECO","CECO",410,440,370,48,54,38,850,1220,51,46.6666666666667,"Ceanothus",0,0,8,"20160623 05:21:29",1.03,0.51
"77","AMCR","AMCR-2",1701,"ABCO",15,290,31,0.59,2.86,"66",0.123,"ARPA",83,"CECO","CECO","CECO",540,260,340,70,71.6666666666667,58.3333333333333,800,1140,70.8333333333333,66.6666666666667,"Ceanothus",0,0,8,"20160623 05:24:33",3.03,0.133
"78","AMCR","AMCR-2",1701,"ABCO",15,290,38,0.83,3.47,"67",0.115,"ARPA",140,"ARPA","CECO","CECO",510,380,300,75.7142857142857,75,52.5,890,1190,75.3571428571429,67.7380952380952,"Arcto",0,0,8,"20160623 05:27:29",3.05,0.131
"79","AMCR","AMCR-2",1701,"ABCO",15,290,37,0.89,3.8,"",NA,"ARPA",135,"ARPA","CECO","CECO",510,380,300,75.7142857142857,75,52.5,890,1190,75.3571428571429,67.7380952380952,"Arcto",0,0,8,NA,NA,NA
"80","AMCR","AMCR-2",1701,"ABCO",15,290,49,1.1,3.93,"68",0.063,"CECO",100,"CECO","CECO","CECO",370,390,290,66,62,50,760,1050,64,59.3333333333333,"Ceanothus",0,0,8,"20160623 05:32:35",3.98,0.07
"81","AMCR","AMCR-2",1701,"ABCO",15,290,57,1.27,11.38,"69",0.058,"ARPA",80,"CECO","CECO","CECO",400,310,130,68.5714285714286,50,26,710,840,59.2857142857143,48.1904761904762,"Ceanothus",0,0,8,"20160623 05:37:43",4.11,0.065
"82","AMCR","AMCR-2",1701,"ABCO",15,290,42,1.68,11.78,"68",0.063,"ARPA",68,"CECO","CECO","CECO",370,390,290,66,62,50,760,1050,64,59.3333333333333,"Ceanothus",0,0,8,"20160623 05:32:35",3.98,0.07
"83","AMCR","AMCR-2",1701,"ABCO",14,290,58,1.27,4,"70",0.228,"CECO",75,"CECO","CECO","CECO",420,340,220,55.7142857142857,66.6666666666667,46,760,980,61.1904761904762,56.1269841269841,"Ceanothus",0,0,8,"20160623 05:41:42",2.03,0.26
"84","AMCR","AMCR-2",1701,"PIPO",14,290,95,2.75,8.12,"",NA,"none",0,"CECO","CECO","CECO",430,340,220,52.5,66.6666666666667,46,770,990,59.5833333333333,55.0555555555556,"Ceanothus",0,0,8,NA,NA,NA
"85","AMCR","AMCR-2",1701,"ABCO",14,290,68,1.72,5.86,"71",0.068,"CECO",70,"CECO","CECO","CECO",300,220,140,72.5,37.5,20,520,660,55,43.3333333333333,"Ceanothus",0,0,8,"20160623 05:44:58",4.16,0.064
"86","AMCR","AMCR-2",1701,"ABCO",14,290,45,1.18,3.57,"71",0.068,"CECO",80,"CECO","CECO","CECO",300,220,140,72.5,37.5,20,520,660,55,43.3333333333333,"Ceanothus",0,0,8,"20160623 05:44:58",4.16,0.064
"87","AMCR","AMCR-2",1701,"ABCO",14,290,72,2.16,10.67,"71",0.068,"CECO",77,"CECO","CECO","CECO",300,220,140,72.5,37.5,20,520,660,55,43.3333333333333,"Ceanothus",0,0,8,"20160623 05:44:58",4.16,0.064
"88","AMCR","AMCR-2",1701,"ABCO",23,290,47,0.99,12.58,"72",0.219,"CECO",115,"CECO","CECO","CECO",420,360,280,62,60,50,780,1060,61,57.3333333333333,"Ceanothus",0,0,8,"20160623 05:47:43",2.17,0.237
"89","AMCR","AMCR-2",1701,"ABCO",23,290,55,1.05,7,"73",0.214,"ARPA",90,"CECO","CECO","CECO",360,250,120,60,38,27.5,610,730,49,41.8333333333333,"Ceanothus",0,0,8,"20160623 05:51:20",2.23,0.238
"90","AMCR","AMCR-2",1701,"ABCO",16,290,41,1.1,4,"75",0.198,"CECO",80,"CECO","CECO","CECO",390,400,370,62.5,65,72,790,1160,63.75,66.5,"Ceanothus",0,0,8,"20160623 05:59:47",2.36,0.234
"91","AMCR","AMCR-2",1701,"ABCO",16,290,20,0.4,3.96,"77",0.134,"ARPA",90,"ARPA","ARPA","ARPA",440,460,290,65,70,52.8571428571429,900,1190,67.5,62.6190476190476,"Arcto",0,0,8,"20160623 06:07:45",2.88,0.152
"92","AMCR","AMCR-2",1701,"ABCO",16,290,11,0.4,3.42,"77",0.134,"ARPA",80,"ARPA","ARPA","ARPA",440,460,290,65,70,52.8571428571429,900,1190,67.5,62.6190476190476,"Arcto",0,0,8,"20160623 06:07:45",2.88,0.152
"93","AMCR","AMCR-2",1701,"ABCO",16,290,18,0.48,2.27,"77",0.134,"ARPA",95,"ARPA","ARPA","ARPA",440,460,290,65,70,52.8571428571429,900,1190,67.5,62.6190476190476,"Arcto",0,0,8,"20160623 06:07:45",2.88,0.152
"94","AMCR","AMCR-2",1701,"ABCO",16,290,54,1.1,7.8,"78",0.166,"ARPA",113,"ARPA","ARPA","CECO",410,390,370,86.6666666666667,42.5,53.3333333333333,800,1170,64.5833333333333,60.8333333333333,"Arcto",0,0,8,"20160623 06:13:07",2.56,0.18
"95","AMCR","AMCR-2",1701,"ABCO",16,290,72,2.21,11.5,"79",0.047,"CECO",90,"CECO","CECO","CECO",380,450,410,74,61.6666666666667,65,830,1240,67.8333333333333,66.8888888888889,"Ceanothus",0,0,8,"20160623 06:16:28",4.96,0.036
"96","AMCR","AMCR-2",1701,"ABCO",16,290,50,1.22,11.27,"79",0.047,"CECO",100,"CECO","CECO","CECO",380,450,410,74,61.6666666666667,65,830,1240,67.8333333333333,66.8888888888889,"Ceanothus",0,0,8,"20160623 06:16:28",4.96,0.036
"97","AMCR","AMCR-2",1701,"ABCO",16,299,50,1.73,15.8,"81",0.32,"CECO",50,"CECO","CECO","CECO",250,370,310,60,68.3333333333333,70,620,930,64.1666666666667,66.1111111111111,"Ceanothus",0,0,8,"20160623 06:27:59",1.64,0.336
"98","AMCR","AMCR-2",1672,"ABCO",19,283,55,1.3,9.87,"82",0.049,"CECO",90,"CECO","CECO","CECO",440,430,390,86.25,91.4285714285714,87.5,870,1260,88.8392857142857,88.3928571428572,"Ceanothus",0,0,8,"20160623 06:33:25",4.36,0.054
"99","AMCR","AMCR-2",1672,"ABCO",19,283,40,1.15,7.01,"",NA,"CECO",110,"CECO","CECO","CECO",440,430,390,86.25,91.4285714285714,87.5,870,1260,88.8392857142857,88.3928571428572,"Ceanothus",0,0,8,NA,NA,NA
"100","AMCR","AMCR-2",1672,"ABCO",17,311,117,2.71,20.65,"",NA,"CECO",119,"CECO","CECO","CECO",370,400,400,84,87.5,87.5,770,1170,85.75,86.3333333333333,"Ceanothus",0,0,8,NA,NA,NA
"103","AMCR","AMCR-2",1672,"ABCO",6,192,102,1.45,29.58,"",NA,"CECO",111,"CECO","CECO","CECO",410,360,390,88,117.5,106,770,1160,102.75,103.833333333333,"Ceanothus",0,0,8,NA,NA,NA
"104","AMCR","AMCR-2",1672,"ABCO",5,192,62,1.15,9.3,"",NA,"CECO",150,"CECO","CECO","CECO",400,400,400,127.5,117.5,120,800,1200,122.5,121.666666666667,"Ceanothus",0,0,8,NA,NA,NA
"105","AMCR","AMCR-2",1701,"ABCO",15,290,28,0.58,3.72,"86",0.061,"ARPA",123,"ARPA","CECO","CECO",510,380,300,75.7142857142857,75,52.5,890,1190,75.3571428571429,67.7380952380952,"Arcto",0,0,8,"20160623 06:57:07",4.08,0.071
"106","AMCR","AMCR-2",1701,"ABCO",16,290,68,1.37,15.3,"",NA,"none",0,"CECO","CECO","CECO",400,420,410,85,71.6666666666667,74,820,1230,78.3333333333333,76.8888888888889,"Ceanothus",0,0,8,NA,NA,NA
"107","AMCR","AMCR-2",1701,"ABCO",18,290,46,1.1,15.2,"80",0.093,"CECO",47,"CECO","CECO","CECO",420,420,440,66.6666666666667,73.75,78.5714285714286,840,1280,70.2083333333333,72.9960317460317,"Ceanothus",0,0,8,"20160623 06:19:58",3.49,0.096
"108","CLVD","CLVD-SE",1402,"PIPO",21,142,202,5.85,5.09,"",NA,"none",0,"ARPA","ARPA","ARPA",380,400,400,207.5,210,222.5,780,1180,208.75,213.333333333333,"Arcto",0,0,24,NA,NA,NA
"109","CLVD","CLVD-SE",1402,"PIPO",21,124,101,2.65,6.8,"91",0.117,"none",0,"ARPA","ARPA","ARPA",170,350,290,155,165,187.5,520,810,160,169.166666666667,"Arcto",0,0,24,"20160628 05:21:59",3.22,0.127
"110","CLVD","CLVD-SE",1402,"PIPO",21,124,270,6.65,3.5,"92",0.821,"none",0,"ARPA","ARPA","ARPA",400,400,380,195,187.5,170,800,1180,191.25,184.166666666667,"Arcto",0,0,24,"20160628 05:33:47",0.14,0.916
"111","CLVD","CLVD-SE",1402,"CADE",15,90,21,0.46,NA,"93",0.101,"ARPA",190,"ARPA","ARVI","ARVI",390,340,310,165,135,158.333333333333,730,1040,150,152.777777777778,"Arcto",0,0,24,"20160628 05:57:56",3.51,0.118
"112","WRTS","WRTS-1",2112,"ABCO",13,70,154,6.5,17.3,"117",0.945,"none",0,"CECO","CECO","CECO",60,370,400,47.5,50,57.5,430,830,48.75,51.6666666666667,"Ceanothus",0,0,35,"20160629 20:19:20",0.06,0.96
"113","WRTS","WRTS-1",2112,"ABCO",16,100,120,5.35,14.4,"115",0.588,"none",0,"CECO","CECO","CECO",430,420,320,71.25,71.25,74,850,1170,71.25,72.1666666666667,"Ceanothus",0,0,35,"20160629 20:07:43",0.63,0.677
"115","WRTS","WRTS-1",2112,"ABCO",10,270,104,2.1,15.69,"",NA,"CECO",140,"CECO","CECO","CECO",370,400,400,105,117.5,122.5,770,1170,111.25,115,"Ceanothus",0,0,35,NA,NA,NA
"116","WRTS","WRTS-1",2112,"PIPO",23,60,204,8.24,18.7,"106",0.711,"none",0,"CECO","CECO","CECO",70,220,210,22.5,40,44,290,500,31.25,35.5,"Ceanothus",0,0,35,"20160629 19:26:30",0.44,0.758
"117","WRTS","WRTS-1",2112,"ABCO",23,60,127,3.85,7.84,"111",0.277,"none",0,"CECO","CECO","CECO",350,370,390,91.25,103.333333333333,85,720,1110,97.2916666666667,93.1944444444444,"Ceanothus",0,0,35,"20160629 19:38:54",0,0
"117","WRTS","WRTS-1",2112,"ABCO",23,60,127,3.85,7.84,"111",0.277,"none",0,"CECO","CECO","CECO",350,370,390,91.25,103.333333333333,85,720,1110,97.2916666666667,93.1944444444444,"Ceanothus",0,0,35,"20160629 19:38:54",1.96,0.271
"118","WRTS","WRTS-1",2112,"ABCO",23,60,110,3.16,8.42,"112",0.087,"none",0,"CECO","CECO","CECO",320,370,390,91.4285714285714,103.333333333333,85,690,1080,97.3809523809524,93.2539682539683,"Ceanothus",0,0,35,"20160629 19:40:55",3.56,0.096
"119","WRTS","WRTS-1",2112,"ABCO",23,60,125,4.89,13.3,"108",0.489,"PREM",220,"PREM","PREM","PREM",120,280,250,87.5,75,65,400,650,81.25,75.8333333333333,"Other",0,0,35,"20160629 19:31:12",0.89,0.559
"120","WRTS","WRTS-1",2112,"ABCO",23,60,102,2.76,11.8,"109",0.316,"PREM",150,"PREM","PREM","PREM",400,350,440,114,124,114,750,1190,119,117.333333333333,"Other",0,0,35,"20160629 19:33:21",1.65,0.337
"121","WRTS","WRTS-1",2112,"PIPO",23,60,167,3.85,2.78,"107",0.985,"none",0,"CECO","CECO","CECO",460,440,470,98.5714285714286,85.7142857142857,127.142857142857,900,1370,92.1428571428571,103.809523809524,"Ceanothus",0,0,35,"20160629 19:29:08",0.02,0.988
"122","WRTS","WRTS-1",2112,"ABCO",21,79,105,2.32,9.06,"113",0.512,"none",0,"CECO","CECO","CECO",370,400,380,87.5,84,100,770,1150,85.75,90.5,"Ceanothus",0,0,35,"20160629 19:51:11",0.89,0.557
"123","WRTS","WRTS-1",2112,"ABCO",25,60,95,2.41,8,"114",0.468,"none",0,"CECO","CECO","CECO",440,430,300,56.6666666666667,62.8571428571429,51.4285714285714,870,1170,59.7619047619048,56.984126984127,"Ceanothus",0,0,35,"20160629 19:55:04",1,0.522
"124","WRTS","WRTS-1",2112,"ABCO",18,60,79,1.83,9.14,"",NA,"CECO",100,"CECO","CECO","CECO",390,400,400,102,85,87.5,790,1190,93.5,91.5,"Ceanothus",0,0,35,NA,NA,NA
"126","FRDS","FRDS-N",1805,"PILA",20,340,37,0.89,5.1,"102",0.028,"CHSE",115,"CHSE","CHSE","CHSE",360,200,150,103.333333333333,52.5,37.5,560,710,77.9166666666667,64.4444444444444,"CHSE",0,0,12,"20160629 05:53:40",5.69,0.022
"127","FRDS","FRDS-N",1805,"PILA",23,335,140,4.2,27.5,"103",0.666,"none",0,"ARPA","ARPA","ARPA",90,100,100,25,25,22.5,190,290,25,24.1666666666667,"Arcto",0,0,12,"20160629 05:58:33",0.47,0.736
"128","FRDS","FRDS-N",1805,"PILA",25,340,65,1.1,12.3,"101",0.083,"CHSE",180,"CHSE","CHSE","CHSE",400,400,280,145,130,87.5,800,1080,137.5,120.833333333333,"CHSE",0,0,12,"20160629 05:45:56",3.85,0.098
"129","FRDS","FRDS-N",1805,"ABCO",21,310,24,0.53,6.93,"99",0.07,"CHSE",160,"CHSE","CHSE","CHSE",350,240,300,137.5,76,80,590,890,106.75,97.8333333333333,"CHSE",0,0,12,"20160629 05:36:40",3.84,0.077
"130","FRDS","FRDS-N",1805,"PILA",20,350,34,0.76,4.33,"98",0.61,"none",0,"CHSE","CHSE","CHSE",70,190,300,60,85,107.5,260,560,72.5,84.1666666666667,"CHSE",0,0,12,"20160629 05:32:51",0.74,0.619
"131","FRDS","FRDS-N",1805,"ABCO",18,330,68,1.04,13.17,"97",0.11,"CHSE",76,"CHSE","CHSE","CHSE",390,190,210,72.5,40,54,580,790,56.25,55.5,"CHSE",0,0,12,"20160629 05:27:45",3.28,0.119
"132","FRDS","FRDS-N",1805,"PIPO",16,345,220,5.2,43,"96",0.579,"none",0,"CHSE","CHSE","CHSE",380,320,270,110,87.5,65,700,970,98.75,87.5,"CHSE",0,0,12,"20160629 05:23:06",0.88,0.577
"133","FRDS","FRDS-N",1805,"PIPO",21,130,93,2.79,13.36,"105",0.618,"none",0,"CECO","CECO","CECO",100,150,400,20,43.3333333333333,66,250,650,31.6666666666667,43.1111111111111,"Ceanothus",0,0,12,"20160629 06:14:27",0.48,0.745
"134","FRDS","FRDS-N",1805,"CADE",21,130,48,1.4,NA,"104",0.429,"CECO",75,"CECO","CECO","CECO",80,320,270,70,90,85,400,670,80,81.6666666666667,"Ceanothus",0,0,12,"20160629 06:10:26",1.13,0.476
"135","WRTS","WRTS-1",2112,"ABCO",23,60,18.2,0.4,2.48,"110",0.199,"CECO",80,"CECO","CECO","CECO",310,320,420,76,87.5,96.6666666666667,630,1050,81.75,86.7222222222222,"Ceanothus",0,0,35,"20160629 19:36:26",2.3,0.222
"136","PLKN","PLKN-MID W",1805,"CADE",11,220,129,5.26,NA,"",NA,"none",0,"CHSE","CHSE","CHSE",280,260,170,57.5,52.5,35,540,710,55,48.3333333333333,"CHSE",0,0,43,NA,NA,NA
"137","PLKN","PLKN-MID W",1805,"ABCO",11,220,121,3.39,10.47,"",NA,"none",0,"CEIN","CEIN","CHSE",210,380,340,92.5,94,86,590,930,93.25,90.8333333333333,"Ceanothus",0,0,43,NA,NA,NA
"138","PLKN","PLKN-MID W",1805,"CADE",22,190,89,4.04,NA,"",NA,"CEIN",118,"none","CECO","CECO",0,220,280,0,50,56.6666666666667,220,500,25,35.5555555555556,"Other",0,0,43,NA,NA,NA
"139","PLKN","PLKN-W",1805,"PIPO",15,310,151,3.78,15.65,"122",0.619,"CEIN",185,"CEIN","CEIN","CEIN",380,380,370,147.5,185,167.5,760,1130,166.25,166.666666666667,"Ceanothus",0,0,43,"20160701 05:32:49",0.56,0.722
"140","FRDS","FRDS-SE",1316,"PIPO",8,270,70,1.25,8.18,"148",0.396,"none",0,"CHFO","CHFO","CHFO",440,310,340,62,40,52.5,750,1090,51,51.5,"CHFO",0,0,12,"20160708 05:12:45",1.23,0.449
"141","FRDS","FRDS-SE",1316,"PIPO",8,270,110,3.82,14.95,"149",0.632,"none",0,"CHFO","CHFO","CHFO",100,230,360,32,65,48,330,690,48.5,48.3333333333333,"CHFO",0,0,12,"20160708 05:19:41",0.62,0.672
"142","FRDS","FRDS-SE",1316,"PIPO",8,270,145,4.05,9.54,"150",0.689,"none",0,"CHFO","CHFO","CHFO",260,380,340,71.6666666666667,80,95,640,980,75.8333333333333,82.2222222222222,"CHFO",0,0,12,"20160708 05:21:49",0.47,0.744
"143","FRDS","FRDS-SE",1316,"PIPO",15,210,35,0.77,2.55,"151",0.205,"QUKE",140,"CHFO","CHFO","CHFO",370,540,310,106.666666666667,100,58,910,1220,103.333333333333,88.2222222222222,"CHFO",0,0,12,"20160708 05:24:25",2.21,0.231
"144","FRDS","FRDS-SE",1316,"PIPO",13,224,45,0.85,5.7,"152",0.187,"none",0,"CHFO","CHFO","CHFO",390,350,380,80,125,80,740,1120,102.5,95,"CHFO",0,0,12,"20160708 05:29:59",2.4,0.219
"145","FRDS","FRDS-SE",1316,"PIPO",18,224,90,3.16,6.53,"153",0.351,"none",0,"CHFO","CHFO","CHFO",270,220,140,64,76.6666666666667,46,490,630,70.3333333333333,62.2222222222222,"CHFO",0,0,12,"20160708 05:33:15",1.53,0.367
"146","FRDS","FRDS-SE",1316,"CADE",18,224,31,0.71,NA,"154",0.203,"CEIN",134,"CHFO","CHFO","CHFO",430,70,10,80,10,15,500,510,45,35,"CHFO",0,0,12,"20160708 05:36:22",2.28,0.239
"147","FRDS","FRDS-SE",1316,"PIPO",15,180,51,1.42,7.7,"155",0.615,"ARPA",85,"ARPA","CHFO","CHFO",280,290,310,45,40,22.5,570,880,42.5,35.8333333333333,"Arcto",0,0,12,"20160708 05:43:07",0.76,0.605
"148","FRDS","FRDS-SE",1316,"PIPO",15,180,19,0.48,4.6,"156",0.771,"none",0,"CHFO","CHFO","CHFO",190,270,320,20,27.5,27.5,460,780,23.75,25,"CHFO",0,0,12,"20160708 05:48:12",0.33,0.811
"149","FRDS","FRDS-SE",1316,"PIPO",20,170,37,0.9,6.8,"157",0.468,"none",0,"CHFO","CHFO","CHFO",260,330,270,25,37.5,34,590,860,31.25,32.1666666666667,"CHFO",0,0,12,"20160708 05:51:33",1.06,0.492
"150","FRDS","FRDS-SE",1316,"PIPO",20,170,38,0.65,5.36,"158",0.27,"none",0,"CHFO","CHFO","CHFO",250,320,320,27.5,44,57.5,570,890,35.75,43,"CHFO",0,0,12,"20160708 05:53:41",1.82,0.3
"151","FRDS","FRDS-SE",1316,"CADE",23,140,102,2.1,NA,"159",0.346,"ARPA",120,"CHFO","CHFO","CHFO",400,300,300,65,65,42,700,1000,65,57.3333333333333,"CHFO",0,0,12,"20160708 06:00:00",1.52,0.366
"152","FRDS","FRDS-SE",1316,"CADE",2,100,38,1.98,NA,"160",0.254,"none",0,"CHFO","CHFO","CHFO",300,350,420,25,25,38,650,1070,25,29.3333333333333,"CHFO",0,0,12,"20160708 06:05:45",1.93,0.276
"153","FRDS","FRDS-SE",1316,"PIPO",20,253,57,1.15,9.21,"161",0.414,"none",0,"CHFO","CHFO","CHFO",280,250,360,22.5,38,42,530,890,30.25,34.1666666666667,"CHFO",0,0,12,"20160708 06:10:20",1.25,0.436
"154","FRDS","FRDS-SE",1316,"CADE",20,253,28,0.56,NA,"162",0.29,"CHFO",37,"CHFO","CHFO","CHFO",280,270,280,30,28,32,550,830,29,30,"CHFO",0,0,12,"20160708 06:13:51",1.74,0.329
"155","FRDS","FRDS-SE",1316,"PIPO",21,190,45,0.91,4.2,"164",0.309,"CEIN",180,"CHFO","CHFO","CHFO",480,260,300,102.222222222222,65.7142857142857,71.6666666666667,740,1040,83.968253968254,79.8677248677249,"CHFO",0,0,12,"20160708 06:44:57",1.91,0.283
"156","STAR","STAR-NW",NA,"CADE",19,112,107,2.9,NA,"127",0.248,"CECO",110,"CECO","CECO","CECO",400,340,370,105,98,107.5,740,1110,101.5,103.5,"Ceanothus",0,0,14,"20160706 05:11:57",1.98,0.277
"157","STAR","STAR-NW",NA,"CADE",19,112,106,3.1,NA,"128",0.394,"CECO",105,"CECO","CECO","CECO",400,380,300,75,87.5,85,780,1080,81.25,82.5,"Ceanothus",0,0,14,"20160706 05:25:33",1.35,0.413
"158","STAR","STAR-NW",NA,"CADE",19,112,123,4.1,NA,"129",0.159,"CECO",140,"CECO","CECO","CECO",250,340,260,84,98.3333333333333,72.5,590,850,91.1666666666667,84.9444444444444,"Ceanothus",0,0,14,"20160706 05:29:07",2.68,0.174
"159","STAR","STAR-NW",NA,"PIPO",19,112,118,2.45,10.37,"130",0.164,"CECO",118,"CECO","CECO","CECO",400,380,260,97.5,95,90,780,1040,96.25,94.1666666666667,"Ceanothus",0,0,14,"20160706 05:32:12",2.68,0.175
"160","STAR","STAR-NW",NA,"CADE",19,112,56,1,NA,"131",0.283,"CECO",130,"CECO","CECO","CECO",400,390,390,92.5,95,94,790,1180,93.75,93.8333333333333,"Ceanothus",0,0,14,"20160706 05:37:39",1.72,0.327
"161","STAR","STAR-NW",NA,"PIPO",15,108,81,1.45,11.75,"132",0.09,"CECO",110,"CECO","CECO","CECO",410,340,300,114,98,110,750,1050,106,107.333333333333,"Ceanothus",0,0,14,"20160706 05:59:03",3.51,0.1
"162","STAR","STAR-NW",NA,"ABCO",12,132,44,1.6,2.7,"134",0.56,"PREM",92,"PREM","CECO","CECO",180,170,380,72,56.6666666666667,90,350,730,64.3333333333333,72.8888888888889,"Other",0,0,14,"20160706 06:08:38",0.7,0.655
"163","STAR","STAR-NW",NA,"ABCO",12,132,61,2.32,6.7,"135",0.242,"CECO",129,"CECO","CECO","CECO",430,320,360,65.7142857142857,65.5555555555556,85.7142857142857,750,1110,65.6349206349206,72.3280423280423,"Ceanothus",0,0,14,"20160706 06:11:47",2.08,0.285
"164","STAR","STAR-NW",NA,"ABCO",12,132,60,2.4,5.09,"",NA,"PREM",129,"CECO","CECO","CECO",430,320,360,65.7142857142857,65.5555555555556,85.7142857142857,750,1110,65.6349206349206,72.3280423280423,"Ceanothus",0,0,14,NA,NA,NA
"165","STAR","STAR-NW",NA,"PILA",13,136,133,3.53,15.65,"",NA,"none",0,"CECO","CECO","CECO",240,330,340,74,107.5,92,570,910,90.75,91.1666666666667,"Ceanothus",0,0,14,NA,NA,NA
"166","STAR","STAR-NW",NA,"ABCO",19,130,46,0.75,3.95,"",NA,"PREM",124,"PREM","PREM","PREM",490,420,400,142,134,120,910,1310,138,132,"Other",0,0,14,NA,NA,NA
"167","STAR","STAR-NW",NA,"PIPO",19,130,134,6.4,26.36,"",NA,"PREM",160,"PREM","PREM","PREM",380,330,360,116.666666666667,117.5,130,710,1070,117.083333333333,121.388888888889,"Other",0,0,14,NA,NA,NA
"168","STAR","STAR-NW",NA,"PIPO",11,111,186,3.3,15.65,"",NA,"none",0,"CECO","CECO","CECO",400,400,400,155,130,135,800,1200,142.5,140,"Ceanothus",0,0,14,NA,NA,NA
"169","STAR","STAR-NW",NA,"PIPO",14,120,66,2.46,6,"",NA,"CECO",102,"CECO","CECO","CECO",390,430,370,120,123.333333333333,144,820,1190,121.666666666667,129.111111111111,"Ceanothus",0,0,14,NA,NA,NA
"170","STAR","STAR-NW",NA,"ABCO",17,182,64,1.46,2.31,"137",0.127,"CEIN",210,"CEIN","CEIN","CEIN",390,330,350,170,157.5,138,720,1070,163.75,155.166666666667,"Ceanothus",0,0,14,"20160706 07:04:32",3.01,0.148
"171","STAR","STAR-NW",NA,"PIPO",17,182,119,6.75,15.66,"136",0.236,"none",0,"CEIN","CEIN","CEIN",280,340,270,145,124,140,620,890,134.5,136.333333333333,"Ceanothus",0,0,14,"20160706 07:01:05",2.01,0.265
"172","STAR","STAR-NW",NA,"ABCO",17,182,44,1.2,3.74,"138",0.096,"conifer",170,"CEIN","CEIN","CEIN",280,340,270,145,124,140,620,890,134.5,136.333333333333,"Ceanothus",0,0,14,"20160706 07:08:30",3.34,0.116
"173","STAR","STAR-NW",NA,"CADE",17,182,51,1.83,NA,"139",0.25,"CECO",70,"CECO","CECO","CECO",250,400,280,46.6666666666667,73,97.1428571428571,650,930,59.8333333333333,72.2698412698413,"Ceanothus",0,0,14,"20160706 07:12:48",2.02,0.29
"174","STAR","STAR-NW",NA,"PILA",15,196,81,1.45,10.78,"",NA,"CECO",110,"CECO","CECO","CECO",420,430,390,75,88.3333333333333,106.666666666667,850,1240,81.6666666666667,90,"Ceanothus",0,0,14,NA,NA,NA
"175","STAR","STAR-mid",NA,"CADE",12,100,148,2.24,NA,"",NA,"CEIN",200,"CEIN","CEIN","CEIN",390,390,380,188.333333333333,208,164.285714285714,780,1160,198.166666666667,186.873015873016,"Ceanothus",0,0,14,NA,NA,NA
"176","STAR","STAR-mid",NA,"PIPO",NA,176,98,3.02,5.61,"",NA,"CEIN",190,"CECO","CECO","CECO",460,400,400,158.75,145,157.5,860,1260,151.875,153.75,"Ceanothus",0,0,14,NA,NA,NA
"177","STAR","STAR-mid",NA,"PSME",9,184,221,3.7,22.16,"",NA,"none",0,"CECO","CECO","CECO",380,370,400,127.5,112,130,750,1150,119.75,123.166666666667,"Ceanothus",0,0,14,NA,NA,NA
"178","STAR","STAR-mid",NA,"PILA",14,194,185,5.27,22.16,"",NA,"none",0,"CECO","CECO","CECO",300,320,270,90,114,135,620,890,102,113,"Ceanothus",0,0,14,NA,NA,NA
"179","STAR","STAR-S",NA,"ABCO",7,31,56,0.85,5.7,"141",0.259,"ARPA",167,"ARPA","CECO","CECO",460,450,400,131.428571428571,116.666666666667,145.714285714286,910,1310,124.047619047619,131.269841269841,"Arcto",0,0,14,"20160707 05:20:19",1.9,0.28
"180","STAR","STAR-S",NA,"PIPO",7,31,192,4.9,11.62,"142",0.121,"PREM",230,"CECO","CECO","CECO",430,410,380,137.5,132.222222222222,140,840,1220,134.861111111111,136.574074074074,"Ceanothus",0,0,14,"20160707 05:26:27",3.15,0.124
"181","STAR","STAR-S",NA,"PILA",7,51,95,2.18,7.61,"",NA,"PREM",190,"CECO","CECO","CECO",540,290,360,93.3333333333333,105.714285714286,143.636363636364,830,1190,99.5238095238095,114.227994227994,"Ceanothus",0,0,14,NA,NA,NA
"182","STAR","STAR-S",1634,"ABCO",11,56,66,1.47,6.75,"143",0.192,"ARPA",180,"ARPA","CECO","CECO",770,630,400,103.529411764706,105.714285714286,115.714285714286,1400,1800,104.621848739496,108.319327731092,"Arcto",0,0,14,"20160707 05:38:28",2.38,0.223
"183","STAR","STAR-S",1634,"PILA",9,27,222,4.54,19.02,"144",0.401,"none",0,"conifer","conifer","conifer",420,390,340,157.25,151,146.25,810,1150,154.125,151.5,"Other",0,0,14,"20160707 05:44:22",1.22,0.446
"184","STAR","STAR-S",1634,"PSME",9,27,117,2.55,19.3,"145",0.395,"willow",270,"willow","willow","conifer",430,340,350,166.666666666667,120,101.818181818182,770,1120,143.333333333333,129.494949494949,"Other",0,0,14,"20160707 05:55:06",1.23,0.472
"185","STAR","STAR-S",1634,"ABCO",9,27,125,2.89,10.49,"146",0.094,"willow",185,"willow","conifer","willow",610,490,350,125,125,123.75,1100,1450,125,124.583333333333,"Other",0,0,14,"20160707 06:03:56",3.39,0.103
"186","STAR","STAR-S",1634,"ABCO",9,27,135,2.65,12.69,"147",0.063,"willow",157,"willow","conifer","willow",610,490,350,125,125,123.75,1100,1450,125,124.583333333333,"Other",0,0,14,"20160707 06:07:09",4.05,0.067
"187","STAR","STAR-S",1634,"PSME",19,31,61,2.01,6.99,"",NA,"none",0,"willow","willow","willow",260,360,380,98,132.5,151.25,620,1000,115.25,127.25,"Other",0,0,14,NA,NA,NA
"188","STAR","STAR-S",1634,"PSME",19,31,226,3.79,18.59,"",NA,"willow",230,"willow","CECO","CONU",520,460,360,166,132.5,160,980,1340,149.25,152.833333333333,"Other",0,0,14,NA,NA,NA
"189","STAR","STAR-S",1634,"ABCO",11,56,65,1.54,5.87,"",NA,"ARPA",180,"ARPA","CECO","CECO",770,630,400,103.529411764706,105.714285714286,115.714285714286,1400,1800,104.621848739496,108.319327731092,"Arcto",0,0,14,NA,NA,NA
"190","STAR","STAR-S",1634,"PILA",19,31,235,6.54,32.67,"",NA,"none",0,"willow","willow","willow",170,360,400,166,106,150,530,930,136,140.666666666667,"Other",0,0,14,NA,NA,NA
"191","STAR","STAR-S",1634,"PSME",10,36,97,2.7,8.96,"",NA,"none",0,"CECO","CECO","CECO",210,360,330,60,97.5,91.6666666666667,570,900,78.75,83.0555555555556,"Ceanothus",0,0,14,NA,NA,NA
"192","STAR","STAR-S",1634,"CADE",15,73,102,2.65,NA,"",NA,"CECO",120,"CECO","CECO","CECO",440,460,400,116,160,150,900,1300,138,142,"Ceanothus",0,0,14,NA,NA,NA
"193","STAR","STAR-S",1634,"CADE",10,36,100,2.96,NA,"",NA,"CECO",100,"CECO","CECO","CECO",280,370,270,75,65,72,650,920,70,70.6666666666667,"Ceanothus",0,0,14,NA,NA,NA
"194","FRDS","FRDS-SE",1366,"PIPO",19,220,67,2.63,7.42,"163",0.733,"none",0,"CHFO","CHFO","CHFO",140,320,290,27.5,58,120,460,750,42.75,68.5,"CHFO",0,0,12,"20160708 06:18:21",0.37,0.791
"195","FRDS","FRDS-SE",1366,"PIPO",20,187,182,3.2,20.3,"166",0.175,"other",250,"other","other","other",390,330,300,137.142857142857,125,132,720,1020,131.071428571429,131.380952380952,"Other",0,0,12,"20160708 07:01:36",2.43,0.204
"196","FRDS","FRDS-SE",1366,"PIPO",15,220,60,1.72,18.03,"168",0.786,"none",0,"CHFO","CHFO","CHFO",150,180,140,27.5,25,20,330,470,26.25,24.1666666666667,"CHFO",0,0,12,"20160708 07:15:43",0.22,0.864
"197","FRDS","FRDS-SE",1366,"PIPO",18,185,158,6.55,31.1,"",NA,"none",0,"CHFO","CHFO","CHFO",220,150,190,44,37.5,64,370,560,40.75,48.5,"CHFO",0,0,12,NA,NA,NA
"198","FRDS","FRDS-SE",1366,"PIPO",15,197,88,2.47,13.05,"",NA,"none",0,"CHFO","CHFO","CHFO",280,280,220,32.5,42,70,560,780,37.25,48.1666666666667,"CHFO",0,0,12,NA,NA,NA
"199","FRDS","FRDS-SE",1366,"CADE",24,129,49,1.15,NA,"",NA,"none",NA,"CHFO","CHFO","CHFO",120,250,130,47.5,50,25,370,500,48.75,40.8333333333333,"CHFO",0,0,12,NA,NA,NA
"200","FRDS","FRDS-SE",1366,"CADE",24,163,45,1.12,NA,"",NA,"ARVI",111,"ARVI","CHFO","CHFO",190,370,380,63.3333333333333,70,72.5,560,940,66.6666666666667,68.6111111111111,"Arcto",0,0,12,NA,NA,NA
"201","FRDS","FRDS-SE",1366,"CADE",24,163,33,0.51,NA,"",NA,"ARVI",111,"ARVI","CHFO","CHFO",190,370,380,63.3333333333333,70,72.5,560,940,66.6666666666667,68.6111111111111,"Arcto",0,0,12,NA,NA,NA
"202","AMCR","AMCR-2",1672,"ABCO",19,265,61,1.38,4.57,"169",0.291,"CECO",69,"CECO","CECO","CECO",410,380,400,68.3333333333333,85.7142857142857,98.3333333333333,790,1190,77.0238095238095,84.1269841269841,"Ceanothus",0,0,8,"20160719 05:39:32",1.65,0.333
"203","AMCR","AMCR-2",1672,"ABCO",19,265,39,1.29,5.31,"170",0.167,"CECO",110,"CECO","CECO","CECO",410,380,400,68.3333333333333,85.7142857142857,98.3333333333333,790,1190,77.0238095238095,84.1269841269841,"Ceanothus",0,0,8,"20160719 05:43:00",2.5,0.187
"204","AMCR","AMCR-2",1672,"ABCO",24,NA,39,1.1,3.54,"171",0.117,"ARPA",120,"PREM","CECO","CECO",430,440,390,95,98.3333333333333,104.285714285714,870,1260,96.6666666666667,99.2063492063492,"Other",0,0,8,"20160719 05:46:54",3.17,0.137
"205","AMCR","AMCR-2",1672,"PIPO",16,273,56,1.58,8.69,"172",0.129,"CECO",76,"CECO","CECO","CECO",430,370,400,62.8571428571429,72,85,800,1200,67.4285714285714,73.2857142857143,"Ceanothus",0,0,8,"20160719 05:51:37",2.9,0.15
"206","AMCR","AMCR-2",1672,"ABCO",16,273,27,0.74,5.96,"173",0.199,"CECO",60,"CECO","CECO","CECO",430,370,400,62.8571428571429,72,85,800,1200,67.4285714285714,73.2857142857143,"Ceanothus",0,0,8,"20160719 05:54:44",2.25,0.235
"207","AMCR","AMCR-2",1672,"PIPO",17,268,77,2.28,14.37,"174",0.601,"none",0,"CECO","CECO","CECO",360,390,380,52.8571428571429,70,78.5714285714286,750,1130,61.4285714285714,67.1428571428572,"Ceanothus",0,0,8,"20160719 05:58:44",0.65,0.663
"208","AMCR","AMCR-2",1672,"ABCO",17,268,45,0.92,4.51,"175",0.348,"CECO",55,"CECO","CECO","CECO",360,390,380,52.8571428571429,70,78.5714285714286,750,1130,61.4285714285714,67.1428571428572,"Ceanothus",0,0,8,"20160719 06:00:52",1.37,0.412
"209","AMCR","AMCR-2",1672,"PIPO",17,268,100,2.98,13.61,"176",0.535,"none",0,"CECO","CECO","CECO",270,220,360,58.3333333333333,57.5,72.8571428571429,490,850,57.9166666666667,62.8968253968254,"Ceanothus",0,0,8,"20160719 06:04:32",0.9,0.638
"210","AMCR","AMCR-2",1672,"ABCO",17,268,40,1.02,4.26,"177",0.277,"ARPA",45,"CECO","CECO","CECO",280,270,310,42,46,62.5,550,860,44,50.1666666666667,"Ceanothus",0,0,8,"20160719 06:06:54",2.04,0.316
"211","AMCR","AMCR-2",1672,"PIPO",18,257,77,2,13.07,"178",0.506,"none",0,"CECO","CECO","CECO",400,360,400,65,63.3333333333333,68,760,1160,64.1666666666667,65.4444444444444,"Ceanothus",0,0,8,"20160719 06:10:55",0.91,0.57
"212","AMCR","AMCR-2",1672,"ABCO",15,278,35,1.39,3.3,"179",0.446,"CECO",73,"CECO","CECO","CECO",300,350,380,75,82,82,650,1030,78.5,79.6666666666667,"Ceanothus",0,0,8,"20160719 06:13:56",1.17,0.464
"213","AMCR","AMCR-2",1672,"ABCO",15,278,38,1.37,6.77,"180",0.255,"CECO",73,"CECO","CECO","CECO",300,350,380,75,82,82,650,1030,78.5,79.6666666666667,"Ceanothus",0,0,8,"20160719 06:16:27",2.04,0.255
"214","AMCR","AMCR-2",1672,"PIPO",16,284,72,1.59,14.76,"181",0.548,"none",0,"CECO","CECO","CECO",370,370,400,66,67.1428571428571,78.5714285714286,740,1140,66.5714285714286,70.5714285714286,"Ceanothus",0,0,8,"20160719 06:18:59",0.81,0.594
"215","AMCR","AMCR-2",1672,"PIPO",15,272,78,2.64,12.02,"182",0.188,"CECO",87,"CECO","CECO","CECO",440,370,340,63.75,95,86.25,810,1150,79.375,81.6666666666667,"Ceanothus",0,0,8,"20160719 06:21:38",2.62,0.181
"216","AMCR","AMCR-2",1672,"ABCO",19,287,51,1.46,6.68,"183",0.358,"CECO",60,"CECO","CECO","CECO",370,340,310,60,70,72.5,710,1020,65,67.5,"Ceanothus",0,0,8,"20160719 06:24:36",1.41,0.415
"217","AMCR","AMCR-2",1672,"ABCO",19,287,73,1.5,13.33,"184",0.347,"none",0,"CECO","CECO","CECO",370,340,310,60,70,72.5,710,1020,65,67.5,"Ceanothus",0,0,8,"20160719 06:27:16",1.53,0.376
"218","AMCR","AMCR-2",1672,"ABCO",22,277,64,1.99,7.6,"185",0.185,"CECO",75,"CECO","CECO","CECO",360,200,370,87.5,50,85,560,930,68.75,74.1666666666667,"Ceanothus",0,0,8,"20160719 06:30:49",2.54,0.203
"219","AMCR","AMCR-2",1672,"PIPO",22,277,16,0.75,1.87,"186",0.343,"CECO",85,"CECO","CECO","CECO",280,300,370,87.5,62,75,580,950,74.75,74.8333333333333,"Ceanothus",0,0,8,"20160719 06:34:05",1.87,0.312
"220","AMCR","AMCR-2",NA,"PIPO",24,262,115,3.04,17.12,"187",0.515,"none",0,"CECO","CECO","CECO",450,420,400,93.3333333333333,88.3333333333333,93.3333333333333,870,1270,90.8333333333333,91.6666666666667,"Ceanothus",0,0,8,"20160719 06:39:16",1.04,0.502
"221","AMCR","AMCR-2",NA,"ABCO",22,257,80,1.8,14.44,"188",0.625,"none",0,"CECO","CECO","CECO",260,390,360,67.5,82,84,650,1010,74.75,77.8333333333333,"Ceanothus",0,0,8,"20160719 06:45:56",0.58,0.688
"222","AMCR","AMCR-2",NA,"PIPO",20,282,96,2.71,16.75,"189",0.203,"none",0,"CECO","CECO","CECO",330,320,340,62,73.3333333333333,65,650,990,67.6666666666667,66.7777777777778,"Ceanothus",0,0,8,"20160719 06:51:57",2.29,0.221
"223","AMCR","AMCR-2",NA,"ABCO",21,275,37,1.44,3.3,"190",0.321,"CECO",60,"CECO","CECO","CECO",330,340,390,58,73.3333333333333,76,670,1060,65.6666666666667,69.1111111111111,"Ceanothus",0,0,8,"20160719 06:56:01",1.59,0.357
"224","AMCR","AMCR-2",NA,"ABCO",21,275,33,1.18,2.76,"191",0.535,"CECO",60,"CECO","CECO","CECO",330,340,390,58,73.3333333333333,76,670,1060,65.6666666666667,69.1111111111111,"Ceanothus",0,0,8,"20160719 06:58:48",0.76,0.628
"225","AMCR","AMCR-2",NA,"ABCO",17,280,62,1.84,8.66,"192",0.38,"CECO",95,"CECO","CECO","CECO",340,380,350,64,54.2857142857143,82.5,720,1070,59.1428571428571,66.9285714285714,"Ceanothus",0,0,8,"20160719 07:01:54",1.37,0.421
"226","AMCR","AMCR-2",NA,"ABCO",11,282,42,1.64,2.72,"193",0.44,"none",0,"CECO","CECO","CECO",150,320,400,52.5,65,74,470,870,58.75,63.8333333333333,"Ceanothus",0,0,8,"20160719 07:07:01",1.21,0.465
"227","AMCR","AMCR-NE",1951,"ABCO",16,166,53,1.49,3.42,"203",0.503,"CECO",70,"CECO","CECO","CECO",380,340,300,55,66.6666666666667,48,720,1020,60.8333333333333,56.5555555555556,"Ceanothus",0,0,8,"20160720 05:49:44",0.86,0.58
"228","AMCR","AMCR-NE",1951,"ABCO",16,166,84,1.99,6.06,"204",0.498,"none",0,"CECO","CECO","CECO",380,340,300,55,66.6666666666667,48,720,1020,60.8333333333333,56.5555555555556,"Ceanothus",0,0,8,"20160720 05:52:37",0.9,0.554
"229","AMCR","AMCR-NE",1951,"ABCO",18,197,42,1.45,0.85,"205",0.166,"CECO",84,"CECO","CECO","CECO",470,450,400,70,71.6666666666667,67.5,920,1320,70.8333333333333,69.7222222222222,"Ceanothus",0,0,8,"20160720 05:58:30",2.5,0.198
"230","AMCR","AMCR-NE",1951,"ABCO",17,197,48,1.98,2.5,"206",0.432,"none",0,"ARPA","ARPA","ARPA",160,300,300,62,61.4285714285714,66,460,760,61.7142857142857,63.1428571428571,"Arcto",0,0,8,"20160720 06:02:50",1.14,0.517
"231","AMCR","AMCR-NE",1951,"ABCO",17,197,50,1.31,9.35,"207",0.305,"ARPA",54,"ARPA","ARPA","ARPA",160,300,300,62,61.4285714285714,66,460,760,61.7142857142857,63.1428571428571,"Arcto",0,0,8,"20160720 06:04:46",1.65,0.358
"232","AMCR","AMCR-NE",1951,"ABCO",17,197,55,0.89,6.6,"208",0.095,"ARPA",101,"ARPA","ARPA","ARPA",390,250,230,75,70,53.3333333333333,640,870,72.5,66.1111111111111,"Arcto",0,0,8,"20160720 06:06:31",3.36,0.105
"233","AMCR","AMCR-NE",1951,"ABCO",16,190,37,0.89,8.74,"209",0.158,"ARPA",42,"ARPA","QUVA","QUVA",310,260,370,50,50,50,570,940,50,50,"Arcto",0,0,8,"20160720 06:10:03",2.62,0.186
"234","AMCR","AMCR-NE",1951,"PIPO",20,197,35,1.51,3.39,"210",0.183,"none",0,"QUVA","QUVA","QUVA",200,220,190,17.5,24,40,420,610,20.75,27.1666666666667,"Quercus",0,0,8,"20160720 06:13:02",2.77,0.221
"235","AMCR","AMCR-NE",1951,"ABCO",20,197,32,1.55,3.89,"211",0.625,"ARPA",55,"ARPA","ARPA","ARPA",280,350,200,42,44,33.3333333333333,630,830,43,39.7777777777778,"Arcto",0,0,8,"20160720 06:14:44",0.58,0.679
"236","AMCR","AMCR-NE",1951,"ABCO",20,197,32,1.11,3.98,"212",0.42,"ARPA",61,"ARPA","ARPA","ARPA",280,350,200,42,44,33.3333333333333,630,830,43,39.7777777777778,"Arcto",0,0,8,"20160720 06:16:31",1.18,0.457
"237","AMCR","AMCR-NE",1951,"PIPO",18,198,62,1.28,7.44,"213",0.549,"none",0,"QUVA","QUVA","QUVA",410,260,260,52.2222222222222,53.3333333333333,45.7142857142857,670,930,52.7777777777778,50.4232804232804,"Quercus",0,0,8,"20160720 06:19:52",0.75,0.625
"238","AMCR","AMCR-NE",1951,"PIPO",18,198,61,1.62,10.34,"214",0.45,"none",0,"QUVA","QUVA","QUVA",410,260,260,52.2222222222222,53.3333333333333,45.7142857142857,670,930,52.7777777777778,50.4232804232804,"Quercus",0,0,8,"20160720 06:21:33",1.06,0.529
"239","AMCR","AMCR-NE",1951,"PIPO",17,187,46,1.62,7.98,"215",0.627,"ARPA",50,"ARPA","ARPA","ARPA",220,370,350,62,77.5,82.5,590,940,69.75,74,"Arcto",0,0,8,"20160720 06:23:55",0.6,0.688
"240","AMCR","AMCR-NE",1951,"ABCO",17,187,56,1.66,2.77,"216",0.454,"ARPA",90,"ARPA","ARPA","ARPA",360,350,330,64,62,56,710,1040,63,60.6666666666667,"Arcto",0,0,8,"20160720 06:25:36",1.2,0.452
"241","AMCR","AMCR-NE",1951,"PIPO",17,187,48,0.98,6.74,"217",0.215,"ARPA",82,"ARPA","ARPA","ARPA",400,190,220,72,54,40,590,810,63,55.3333333333333,"Arcto",0,0,8,"20160720 06:27:42",2.18,0.238
"242","AMCR","AMCR-NE",1940,"ABCO",20,196,32,0.93,2.03,"218",0.223,"ARPA",70,"ARPA","ARPA","ARPA",350,350,210,65,52.5,31.6666666666667,700,910,58.75,49.7222222222222,"Arcto",0,0,8,"20160720 06:32:48",2.17,0.249
"243","AMCR","AMCR-NE",1940,"ABCO",20,196,28,1.13,3.15,"219",0.28,"ARPA",65,"ARPA","ARPA","ARPA",350,350,210,65,52.5,31.6666666666667,700,910,58.75,49.7222222222222,"Arcto",0,0,8,"20160720 06:34:54",1.9,0.301
"244","AMCR","AMCR-NE",1940,"PIPO",20,196,22,0.89,1.28,"220",0.481,"ARPA",39,"ARPA","ARPA","ARPA",160,300,260,55,54,54,460,720,54.5,54.3333333333333,"Arcto",0,0,8,"20160720 06:37:30",0.95,0.539
"245","AMCR","AMCR-NE",1940,"ABCO",16,202,45,0.7,9.35,"221",0.086,"CHSE",66,"CHSE","CHSE","CECO",400,330,300,56.6666666666667,48.3333333333333,46.6666666666667,730,1030,52.5,50.5555555555556,"CHSE",0,0,8,"20160720 06:40:41",3.57,0.096
"246","AMCR","AMCR-NE",1940,"ABCO",18,192,65,1.51,9.73,"223",0.313,"none",0,"CECO","CECO","CECO",430,400,390,40,42,58,830,1220,41,46.6666666666667,"Ceanothus",0,0,8,"20160720 06:46:42",1.57,0.354
"247","AMCR","AMCR-NE",1940,"ABCO",18,192,34,0.94,2.11,"224",0.067,"CECO",42,"CECO","CECO","CECO",420,400,390,42,42,58,820,1210,42,47.3333333333333,"Ceanothus",0,0,8,"20160720 06:49:35",4.08,0.078
"248","AMCR","AMCR-NE",1940,"ABCO",18,202,37,0.68,2.63,"225",0.114,"CECO",52,"CECO","CECO","CECO",370,320,390,52.5,45,47.5,690,1080,48.75,48.3333333333333,"Ceanothus",0,0,8,"20160720 06:54:34",3.21,0.134
"249","AMCR","AMCR-NE",1940,"ABCO",18,202,45,0.94,4.49,"226",0.146,"CECO",53,"CECO","CECO","CECO",370,320,390,52.5,45,47.5,690,1080,48.75,48.3333333333333,"Ceanothus",0,0,8,"20160720 06:56:42",2.73,0.169
"250","AMCR","AMCR-3",NA,"ABCO",4,14,38,1.2,1.45,"227",0.496,"ARPA",110,"ARPA","ARPA","ARPA",380,260,130,71.25,56.25,44,640,770,63.75,57.1666666666667,"Arcto",0,0,8,"20160721 05:26:16",0.9,0.556
"251","AMCR","AMCR-3",NA,"PIPO",2,14,28,0.63,2.8,"228",0.407,"CECO",81,"CECO","CECO","CECO",270,280,80,55.7142857142857,45.7142857142857,15,550,630,50.7142857142857,38.8095238095238,"Ceanothus",0,0,8,"20160721 05:29:51",1.48,0.383
"252","AMCR","AMCR-3",NA,"ABCO",2,14,29,1.17,0.98,"229",0.353,"ARPA",86,"ARPA","ARPA","ARPA",240,260,170,75,53.75,16,500,670,64.375,48.25,"Arcto",0,0,8,"20160721 05:31:33",1.57,0.374
"253","AMCR","AMCR-3",NA,"ABCO",6,324,56,1.25,14.19,"230",0.371,"CECO",79,"CECO","CECO","CECO",270,210,340,78.3333333333333,64.2857142857143,47.5,480,820,71.3095238095238,63.3730158730159,"Ceanothus",0,0,8,"20160721 05:35:34",1.4,0.391
"254","AMCR","AMCR-3",NA,"ABCO",6,324,62,1.7,16.75,"231",0.369,"CECO",79,"CECO","CECO","CECO",270,210,340,78.3333333333333,64.2857142857143,47.5,480,820,71.3095238095238,63.3730158730159,"Ceanothus",0,0,8,"20160721 05:38:26",1.43,0.385
"255","AMCR","AMCR-3",NA,"ABCO",7,336,38,1.24,1.37,"232",0.098,"CECO",107,"CECO","CECO","CECO",380,300,230,85,76.6666666666667,56,680,910,80.8333333333333,72.5555555555556,"Ceanothus",0,0,8,"20160721 05:40:43",3.34,0.116
"256","AMCR","AMCR-3",NA,"ABCO",5,342,48,1.32,5.09,"233",0.13,"CECO",81,"CECO","CECO","CECO",360,250,130,74,42.8571428571429,44,610,740,58.4285714285714,53.6190476190476,"Ceanothus",0,0,8,"20160721 05:44:32",3.02,0.132
"257","AMCR","AMCR-3",NA,"ABCO",5,342,34,1.21,3.58,"234",0.328,"CECO",90,"CECO","CECO","CECO",430,270,160,66.6666666666667,50,40,700,860,58.3333333333333,52.2222222222222,"Ceanothus",0,0,8,"20160721 05:46:58",1.53,0.359
"258","AMCR","AMCR-3",NA,"ABCO",4,341,56,1.65,13.05,"235",0.302,"CECO",68,"CECO","CECO","CECO",310,330,300,60,40,57.5,640,940,50,52.5,"Ceanothus",0,0,8,"20160721 05:49:45",1.78,0.306
"259","AMCR","AMCR-3",NA,"PIPO",4,340,38,1.05,8.78,"236",0.19,"CECO",69,"CECO","CECO","CECO",290,340,260,64,41.1111111111111,26,630,890,52.5555555555556,43.7037037037037,"Ceanothus",0,0,8,"20160721 05:53:25",2.41,0.201
"260","AMCR","AMCR-3",NA,"PIPO",2,346,25,0.82,2.77,"237",0.52,"ARPA",58,"ARPA","CECO","ARPA",210,300,220,41.6666666666667,56.6666666666667,42.5,510,730,49.1666666666667,46.9444444444444,"Arcto",0,0,8,"20160721 05:56:24",0.85,0.589
"261","AMCR","AMCR-3",NA,"CADE",3,350,31,0.94,NA,"238",0.536,"none",0,"ARPA","CECO","CECO",170,370,240,52,54.2857142857143,38.3333333333333,540,780,53.1428571428571,48.2063492063492,"Arcto",0,0,8,"20160721 05:58:43",0.83,0.599
"262","AMCR","AMCR-3",NA,"PIPO",3,350,65,1.72,10.9,"239",0.57,"CECO",76,"CECO","CECO","CECO",340,290,310,52,45.7142857142857,61.6666666666667,630,940,48.8571428571429,53.1269841269841,"Ceanothus",0,0,8,"20160721 06:02:02",0.7,0.629
"263","AMCR","AMCR-3",NA,"ABCO",3,347,79,1.84,11.29,"241",0.198,"ARPA",97,"CECO","CECO","CECO",460,270,290,72.8571428571429,58,58.3333333333333,730,1020,65.4285714285714,63.0634920634921,"Ceanothus",0,0,8,"20160721 06:06:50",2.35,0.221
"264","AMCR","AMCR-3",NA,"ABCO",3,347,51,1.6,3.27,"242",0.227,"ARPA",89,"ARPA","ARPA","ARPA",310,310,350,58.5714285714286,67.1428571428571,74,620,970,62.8571428571429,66.5714285714286,"Arcto",0,0,8,"20160721 06:09:58",2.21,0.257
"265","AMCR","AMCR-3",NA,"ABCO",3,347,26,0.89,1.47,"243",0.134,"ARPA",101,"CECO","CECO","CECO",500,330,280,77.5,70,64.2857142857143,830,1110,73.75,70.5952380952381,"Ceanothus",0,0,8,"20160721 06:12:08",2.84,0.15
"275","CLVD","CLVD-N",1621,"ABCO",12,50,28,0.74,0.8,"252",0.615,"CECO",57,"CEPR","CEPR","CEPR",440,290,60,20.3333333333333,39.2,25,730,790,29.7666666666667,28.1777777777778,"Ceanothus",0,0,24,"20160727 06:13:51",0.54,0.699
"276","CLVD","CLVD-N",1621,"ABCO",26,18,14,0.56,1.29,"244",0.315,"ARPA",150,"CHSE","ARPA","ARPA",290,380,240,78.1818181818182,90,83.3333333333333,670,910,84.0909090909091,83.8383838383838,"CHSE",0,0,24,"20160727 05:30:38",1.66,0.339
"277","CLVD","CLVD-N",1621,"PIPO",18,18,84,2.48,3.43,"245",0.701,"none",0,"ARPA","ARPA","ARPA",190,400,360,87.5,108.75,112.5,590,950,98.125,102.916666666667,"Arcto",0,0,24,"20160727 05:38:09",0.36,0.804
"278","CLVD","CLVD-N",1621,"PIPO",18,18,98,2.7,3.93,"246",0.734,"none",0,"CECO","ARPA","ARPA",220,250,280,84,128,136,470,750,106,116,"Ceanothus",0,0,24,"20160727 05:42:01",0.31,0.813
"279","CLVD","CLVD-N",1621,"PIPO",22,347,115,3.12,11.11,"247",0.342,"ARPA",151,"ARPA","ARPA","ARPA",360,440,330,101.25,101.25,154,800,1130,101.25,118.833333333333,"Arcto",0,0,24,"20160727 05:45:56",1.53,0.369
"280","CLVD","CLVD-N",1621,"PIPO",21,354,70,1.3,2.35,"248",0.377,"ARPA",183,"ARPA","ARPA","ARPA",500,380,290,96.9230769230769,121.111111111111,91.4285714285714,880,1170,109.017094017094,103.154253154253,"Arcto",0,0,24,"20160727 05:50:19",1.4,0.399
"281","CLVD","CLVD-N",1621,"ABCO",19,348,23,0.68,4.15,"249",0.182,"ARPA",140,"ARPA","ARPA","ARPA",420,240,310,83,85,114,660,970,84,94,"Arcto",0,0,24,"20160727 05:54:53",2.58,0.195
"282","CLVD","CLVD-N",1621,"ABCO",22,67,50,1.09,8.29,"250",0.35,"ARPA",147,"ARPA","ARPA","ARPA",200,230,180,175,115,130,430,610,145,140,"Arcto",0,0,24,"20160727 06:03:40",1.38,0.409
"283","CLVD","CLVD-N",1621,"ABCO",15,39,34,0.56,3.87,"251",0.229,"CECO",74,"CECO","CECO","CECO",310,320,360,78.5714285714286,87.5,93.3333333333333,630,990,83.0357142857143,86.468253968254,"Ceanothus",0,0,24,"20160727 06:07:33",2.02,0.261
"284","CLVD","CLVD-N",1621,"ABCO",13,37,50,0.95,7.17,"253",0.351,"other",110,"other","ARPA","ARPA",400,330,360,104.285714285714,96.6666666666667,131.428571428571,730,1090,100.47619047619,110.793650793651,"Other",0,0,24,"20160727 06:20:38",1.36,0.409
"285","CLVD","CLVD-N",1621,"PIPO",20,33,151,5.47,12.62,"",NA,"none",0,"CECO","CECO","ARPA",310,260,290,62.5,110,121.25,570,860,86.25,97.9166666666667,"Ceanothus",0,0,24,NA,NA,NA
"286","FRDS","FRDS-mid",1638,"PIPO",5,166,68,1.77,14.83,"256",0.572,"CEIN",150,"CEIN","CEIN","CEIN",210,120,110,150,153.333333333333,185,330,440,151.666666666667,162.777777777778,"Ceanothus",0,0,12,"20160728 06:05:44",0.73,0.617
"287","FRDS","FRDS-mid",1638,"PIPO",5,166,69,1.87,4.96,"257",0.602,"CEIN",127,"CEIN","CEIN","CEIN",210,120,110,150,153.333333333333,185,330,440,151.666666666667,162.777777777778,"Ceanothus",0,0,12,"20160728 06:08:20",0.62,0.662
"288","FRDS","FRDS-mid",1638,"PIPO",5,166,204,5.85,35.66,"258",0.828,"none",0,"CEIN","CEIN","CEIN",130,130,230,145,155,142.5,260,490,150,147.5,"Ceanothus",0,0,12,"20160728 06:10:36",0.21,0.87
"289","FRDS","FRDS-mid",1638,"PIPO",5,166,201,5.61,35.52,"",NA,"none",0,"none","CEIN","CEIN",0,60,200,0,140,180,60,260,70,106.666666666667,"Other",0,0,12,NA,NA,NA
"290","FRDS","FRDS-mid",1638,"PIPO",2,191,226,7,21.52,"261",0.889,"none",0,"NONE","CECO","CEIN",0,90,290,0,146.666666666667,152.5,90,380,73.3333333333333,99.7222222222222,"Other",0,0,12,"20160728 06:21:50",0.07,0.956
"291","FRDS","FRDS-mid",1638,"PIPO",7,208,142,3.15,7.8,"262",0.121,"CEIN",230,"CEIN","CEIN","CEIN",390,380,290,204.285714285714,175,194,770,1060,189.642857142857,191.095238095238,"Ceanothus",0,0,12,"20160728 06:38:28",2.92,0.142
"292","FRDS","FRDS-mid",1638,"PIPO",13,206,220,6.86,31.9,"263",0.643,"none",0,"CECO","CECO","CEIN",80,220,220,130,140,140,300,520,135,136.666666666667,"Ceanothus",0,0,12,"20160728 06:45:35",0.51,0.731
"293","FRDS","FRDS-mid",1638,"PIPO",5,224,140,3.2,13,"264",0.166,"CEIN",171,"CEIN","CEIN","CEIN",220,250,180,122.5,193.333333333333,183.333333333333,470,650,157.916666666667,166.388888888889,"Ceanothus",0,0,12,"20160728 06:52:46",2.63,0.176
"294","FRDS","FRDS-mid",1638,"PIPO",12,243,45,1.2,4.94,"265",0.398,"pea",103,"NONE",NA,"CECO",0,0,40,0,0,45,0,40,0,15,"Other",0,0,12,"20160728 07:00:53",1.22,0.45
"125f","FRDS","FRDS-N",1805,"PILA",18,310,69,1.86,6.18,"100",0.138,"ARPA",68,"ARPA","CHSE","CHSE",230,140,190,44,22.5,52.5,370,560,33.25,39.6666666666667,"Arcto",0,0,12,"20160629 05:41:45",3.06,0.132
"125w","WRTS","WRTS-1",2112,"ABCO",18,60,222,6.035,9.65,"",NA,"none",0,"CECO","CECO","CECO",380,590,410,112.5,140,144,970,1380,126.25,132.166666666667,"Ceanothus",0,0,35,NA,NA,NA
"ARPA-1",NA,NA,NA,NA,NA,NA,NA,NA,NA,NA,NA,NA,NA,"NONE",NA,NA,400,400,390,212.5,190,187.5,800,1190,201.25,196.666666666667,"Other",0,1,NA,NA,NA,NA
"ceco-1",NA,NA,NA,NA,NA,NA,NA,NA,NA,NA,NA,NA,NA,"NONE",NA,NA,400,400,400,152.5,160,157.5,800,1200,156.25,156.666666666667,"Other",0,1,NA,NA,NA,NA
"CEIN-1",NA,NA,NA,NA,NA,NA,NA,NA,NA,NA,NA,NA,NA,"NONE",NA,NA,290,300,250,213.333333333333,193.333333333333,200,590,840,203.333333333333,202.222222222222,"Other",0,1,NA,NA,NA,NA
"CEIN-2",NA,NA,NA,NA,NA,NA,NA,NA,NA,NA,NA,NA,NA,"NONE",NA,NA,400,400,320,170,147.5,187.5,800,1120,158.75,168.333333333333,"Other",0,1,NA,NA,NA,NA
"chfo-1",NA,NA,NA,NA,NA,NA,NA,NA,NA,NA,NA,NA,NA,"NONE",NA,NA,270,170,190,35,27.5,35,440,630,31.25,32.5,"Other",0,1,NA,NA,NA,NA
"LIDE-1",NA,NA,NA,NA,NA,NA,NA,NA,NA,NA,NA,NA,NA,"NONE",NA,NA,400,390,250,95,82.5,77.5,790,1040,88.75,85,"Other",0,1,NA,NA,NA,NA
"LIDE-2",NA,NA,NA,NA,NA,NA,NA,NA,NA,NA,NA,NA,NA,"NONE",NA,NA,400,400,350,122.5,132.5,110,800,1150,127.5,121.666666666667,"Other",0,1,NA,NA,NA,NA
"LIDE-3",NA,NA,NA,NA,NA,NA,NA,NA,NA,NA,NA,NA,NA,"NONE",NA,NA,400,400,310,100,95,87.5,800,1110,97.5,94.1666666666667,"Other",0,1,NA,NA,NA,NA
"LIDE-4",NA,NA,NA,NA,NA,NA,NA,NA,NA,NA,NA,NA,NA,"NONE",NA,NA,340,380,260,100,105,91.6666666666667,720,980,102.5,98.8888888888889,"Other",0,1,NA,NA,NA,NA
